{"cameraMode":{"drawMode":0,"name":"Shaded","section":"Shading Mode"},"sceneLighting":true,"audioPlay":false,"sceneViewState":{"showFog":true,"showMaterialUpdate":false,"showSkybox":true,"showFlares":true,"showImageEffects":true,"showParticleSystems":true},"in2DMode":false,"pivot":{"x":4.164999961853027,"y":2.003000020980835,"z":-9.482999801635743},"rotation":{"x":-0.15526334941387177,"y":0.47221893072128298,"z":-0.08491062372922898,"w":-0.8635585904121399},"size":22.0,"orthographic":false}